<?xml version="1.0" encoding="utf-8"?>
<!DOCTYPE install PUBLIC "-//Joomla! 1.6//DTD template 1.0//EN" "http://www.joomla.org/xml/dtd/1.6/template-install.dtd">
<extension version="1.6" type="template" client="site">

	<name>second_second_second_second_second_second_sparky</name>
	<author>HotJoomlaTemplates.com</author>
	<copyright>Copyright 2012 by Hot Joomla Templates</copyright>
	<authorEmail>info@hotjoomlatemplates.com</authorEmail>
	<authorUrl>http://www.hotjoomlatemplates.com</authorUrl>
	<version>0.93</version>
	<description>Sparky Framework - Ignite Your Web!</description>
	<creationDate>December 2012</creationDate>
	
	<files>
		<filename>index.html</filename>
		<filename>index.php</filename>
		<filename>params.ini</filename>
		<filename>template_preview.png</filename>
		<filename>template_thumbnail.png</filename>
		<filename>templateDetails.xml</filename>
		<folder>css/</folder>
		<folder>elements/</folder>
		<folder>export/</folder>
		<folder>help/</folder>
		<folder>html/</folder>
		<folder>images/</folder>
		<folder>js/</folder>
		<folder>language/</folder>
		<folder>library/</folder>
		<folder>styles/</folder>
	</files>
	
	<languages folder="language">
		<language tag="en-GB">en-GB.tpl_second_second_second_second_second_second_sparky.ini</language>
	</languages>
	
	<positions>
		<position>abovecontent</position>
		<position>belowcontent</position>
		<position>logo</position>
		<position>fontresize</position>
		<position>advert1</position>
		<position>advert2</position>
		<position>advert3</position>
		<position>advert4</position>
		<position>advert5</position>
		<position>advert6</position>
		<position>bottom1</position>
		<position>bottom2</position>
		<position>bottom3</position>
		<position>bottom4</position>
		<position>bottom5</position>
		<position>bottom6</position>
		<position>breadcrumbs</position>
		<position>copyright</position>
		<position>footer</position>
		<position>header1</position>
		<position>header2</position>
		<position>header3</position>
		<position>header4</position>
		<position>header5</position>
		<position>header6</position>
		<position>left</position>
		<position>right</position>
		<position>search</position>
		<position>top1</position>
		<position>top2</position>
		<position>top3</position>
		<position>top4</position>
		<position>top5</position>
		<position>top6</position>
		<position>topmenu</position>
		<position>user1</position>
		<position>user2</position>
		<position>user3</position>
		<position>user4</position>
		<position>user5</position>
		<position>user6</position>
	</positions>
	
	<config>
		<fields name="params" addfieldpath="/templates/second_second_second_second_second_second_sparky/elements">
			<fieldset name="layoutdesign" label="TPL_SECOND_SECOND_SECOND_SPARKY_LAYOUT_DESIGN">
				<field type="tadmin"/>
				<field name="templateWidth" type="width" default="1152" label="TPL_SECOND_SECOND_SECOND_SPARKY_TEMPLATE_WIDTH_LBL" description="TPL_SECOND_SECOND_SECOND_SPARKY_TEMPLATE_WIDTH_DESC"/>
				<field name="fluidWidth" type="flipyesno" default="0" label="TPL_SECOND_SECOND_SECOND_SPARKY_FLUID_WIDTH_LBL" description="TPL_SECOND_SECOND_SECOND_SPARKY_FLUID_WIDTH_DESC"/>
				<field name="layoutdesign" type="designlayout" label="TPL_SECOND_SECOND_SECOND_SPARKY_LAYOUT_DESIGN_LBL" description="TPL_SECOND_SECOND_SECOND_SPARKY_LAYOUT_DESIGN_DESC" default="topheader+topheader+logo=4=0,top1=2=0,top2=3=0,search=3=0&amp;mainmenu+mainmenu+topmenu=12=0&amp;headerimage+headerimage+header1=12=0&amp;header2+header2+header2=12=0&amp;left+left+left=4=0,right=8=0&amp;user1+user1+advert1=4=0,user1=8=0&amp;user2+user2+user2=3=0,user3=3=0,user4=3=0,user5=3=0&amp;bottom+bottom+bottom1=4=0,bottom2=4=0,bottom3=4=0&amp;++copyright=4=0,footer=8=0"/>
				<field name="cellPaddingHorizontal" type="text" default="0" label="TPL_SECOND_SECOND_SECOND_SPARKY_CELL_PADDING_HORIZONTAL_LBL" description="TPL_SECOND_SECOND_SECOND_SPARKY_CELL_PADDING_HORIZONTAL_DESC" size="3"/>
				<field name="cellPaddingVertical" type="text" default="0" label="TPL_SECOND_SECOND_SECOND_SPARKY_CELL_PADDING_VERTICAL_LBL" description="TPL_SECOND_SECOND_SECOND_SPARKY_CELL_PADDING_VERTICAL_DESC" size="3"/>
				<field name="cellMarginHorizontal" type="text" default="10" label="TPL_SECOND_SECOND_SECOND_SPARKY_CELL_MARGIN_HORIZONTAL_LBL" description="TPL_SECOND_SECOND_SECOND_SPARKY_CELL_MARGIN_HORIZONTAL_DESC" size="3"/>
				<field name="cellMarginVertical" type="text" default="0" label="TPL_SECOND_SECOND_SECOND_SPARKY_CELL_MARGIN_VERTICAL_LBL" description="TPL_SECOND_SECOND_SECOND_SPARKY_CELL_MARGIN_VERTICAL_DESC" size="3"/>
				<field name="textDirection" type="list" default="ltr" label="TPL_SECOND_SECOND_SECOND_SPARKY_TEXT_DIRECTION" description="TPL_SECOND_SECOND_SECOND_SPARKY_BG_IMAGE_VERTICAL_ALIGN_DESC">
					<option value="ltr">TPL_SECOND_SECOND_SECOND_SPARKY_TEXT_DIRECTION_LTR</option>
					<option value="rtl">TPL_SECOND_SECOND_SECOND_SPARKY_TEXT_DIRECTION_RTL</option>
				</field>
			</fieldset>
			<fieldset name="fontsettings" label="TPL_SECOND_SECOND_SECOND_SPARKY_STYLE_DESIGNER">
				<field name="subtabstart1" type="subtabstart" default="" label="TPL_SECOND_SECOND_SECOND_SPARKY_FEATURES_BACKGROUND_LBL"/>
					<field name="bodyBgColor" type="hotcolor" label="TPL_SECOND_SECOND_SECOND_SPARKY_BODY_BG_LBL" description="TPL_SECOND_SECOND_SECOND_SPARKY_COLOR_DESC" default="#c9c9c9"/>
					<field name="bodyBgImageSwitch" type="flipyesno" default="0" label="TPL_SECOND_SECOND_SECOND_SPARKY_BODY_BG_IMAGE_SWITCH_LBL" description="TPL_SECOND_SECOND_SECOND_SPARKY_BODY_BG_IMAGE_SWITCH_DESC"/>
					<field name="bodyBgImageFile" type="imagelist" directory="templates/second_second_second_second_second_second_sparky/images" label="TPL_SECOND_SECOND_SECOND_SPARKY_BODY_BG_IMAGE_FILE_LBL"/>
					<field name="bodyBgImageVerticalAlign" type="list" default="top" label="TPL_SECOND_SECOND_SECOND_SPARKY_BG_IMAGE_VERTICAL_ALIGN_LBL" description="TPL_SECOND_SECOND_SECOND_SPARKY_BG_IMAGE_VERTICAL_ALIGN_DESC">
						<option value="top">Top</option>
						<option value="center">Center</option>
						<option value="bottom">Bottom</option>
					</field>
					<field name="bodyBgImageHorizontalAlign" type="list" default="center" label="TPL_SECOND_SECOND_SECOND_SPARKY_BG_IMAGE_HORZONTAL_ALIGN_LBL" description="TPL_SECOND_SECOND_SECOND_SPARKY_BG_IMAGE_HORIZONTAL_ALIGN_DESC">
						<option value="left">Left</option>
						<option value="center">Center</option>
						<option value="right">Right</option>
					</field>
					<field name="bodyBgImageRepeat" type="list" default="repeat" label="TPL_SECOND_SECOND_SECOND_SPARKY_BG_IMAGE_REPEAT_LBL" description="TPL_SECOND_SECOND_SECOND_SPARKY_BG_IMAGE_REPEAT_DESC">
						<option value="repeat">TPL_SECOND_SECOND_SECOND_SPARKY_BG_IMAGE_REPEAT_REPEAT_LBL</option>
						<option value="repeat-x">TPL_SECOND_SECOND_SECOND_SPARKY_BG_IMAGE_REPEAT_REPEAT_HORIZONTALLY_LBL</option>
						<option value="repeat-y">TPL_SECOND_SECOND_SECOND_SPARKY_BG_IMAGE_REPEAT_REPEAT_VERTICALLY_LBL</option>
						<option value="no-repeat">TPL_SECOND_SECOND_SECOND_SPARKY_BG_IMAGE_REPEAT_NO_REPEAT_LBL</option>
					</field>
					<field name="bodyBgImageFixedSwitch" type="flipyesno" default="" label="TPL_SECOND_SECOND_SECOND_SPARKY_BODY_BG_IMAGE_FIXED_SWITCH_LBL" description="TPL_SECOND_SECOND_SECOND_SPARKY_BODY_BG_IMAGE_FIXED_SWITCH_DESC"/>
				<field name="subtabstart2" type="subtabstart" default="" label="TPL_SECOND_SECOND_SECOND_SPARKY_H1_LBL"/>
					<field name="h1Color" type="hotcolor" default="#FFFFFF" label="TPL_SECOND_SECOND_SECOND_SPARKY_COLOR_LBL" description="TPL_SECOND_SECOND_SECOND_SPARKY_COLOR_DESC"/>
					<field name="h1Size" type="text" default="40" label="TPL_SECOND_SECOND_SECOND_SPARKY_FONT_SIZE_LBL" description="TPL_SECOND_SECOND_SECOND_SPARKY_FONT_SIZE_DESC" size="3"/>
					<field name="h1Family" type="text" default="Arial, Helvetica, sans-serif" label="TPL_SECOND_SECOND_SECOND_SPARKY_FONT_FAMILY_LBL" description="TPL_SECOND_SECOND_SECOND_SPARKY_FONT_FAMILY_DESC"/>
					<field name="h1Align" type="list" default="left" label="TPL_SECOND_SECOND_SECOND_SPARKY_TEXT_ALIGN_LBL" description="TPL_SECOND_SECOND_SECOND_SPARKY_TEXT_ALIGN_DESC">
						<option value="left">Left</option>
						<option value="center">Center</option>
						<option value="right">Right</option>
					</field>
					<field name="h1Weight" type="list" default="normal" label="TPL_SECOND_SECOND_SECOND_SPARKY_FONT_WEIGHT_LBL" description="TPL_SECOND_SECOND_SECOND_SPARKY_FONT_WEIGHT_DESC">
						<option value="normal">Normal</option>
						<option value="bold">Bold</option>
					</field>
					<field name="h1Style" type="list" default="italic" label="TPL_SECOND_SECOND_SECOND_SPARKY_FONT_STYLE_LBL" description="TPL_SECOND_SECOND_SECOND_SPARKY_FONT_STYLE_DESC">
						<option value="normal">Normal</option>
						<option value="italic">Italic</option>
					</field>
					<field name="h1Underline" type="flipyesno" default="0" label="TPL_SECOND_SECOND_SECOND_SPARKY_FONT_UNDERLINE_LBL" description="TPL_SECOND_SECOND_SECOND_SPARKY_FONT_UNDERLINE_DESC"/>
				<field name="subtabstart3" type="subtabstart" default="" label="TPL_SECOND_SECOND_SECOND_SPARKY_H2_LBL"/>
					<field name="h2Color" type="hotcolor" default="#999999" label="TPL_SECOND_SECOND_SECOND_SPARKY_COLOR_LBL" description="TPL_SECOND_SECOND_SECOND_SPARKY_COLOR_DESC"/>
					<field name="h2Size" type="text" default="32" label="TPL_SECOND_SECOND_SECOND_SPARKY_FONT_SIZE_LBL" description="TPL_SECOND_SECOND_SECOND_SPARKY_FONT_SIZE_DESC" size="3"/>
					<field name="h2Family" type="text" default="Arial, Helvetica, sans-serif" label="TPL_SECOND_SECOND_SECOND_SPARKY_FONT_FAMILY_LBL" description="TPL_SECOND_SECOND_SECOND_SPARKY_FONT_FAMILY_DESC"/>
					<field name="h2Align" type="list" default="left" label="TPL_SECOND_SECOND_SECOND_SPARKY_TEXT_ALIGN_LBL" description="TPL_SECOND_SECOND_SECOND_SPARKY_TEXT_ALIGN_DESC">
						<option value="left">Left</option>
						<option value="center">Center</option>
						<option value="right">Right</option>
					</field>
					<field name="h2Weight" type="list" default="normal" label="TPL_SECOND_SECOND_SECOND_SPARKY_FONT_WEIGHT_LBL" description="TPL_SECOND_SECOND_SECOND_SPARKY_FONT_WEIGHT_DESC">
						<option value="normal">Normal</option>
						<option value="bold">Bold</option>
					</field>
					<field name="h2Style" type="list" default="normal" label="TPL_SECOND_SECOND_SECOND_SPARKY_FONT_STYLE_LBL" description="TPL_SECOND_SECOND_SECOND_SPARKY_FONT_STYLE_DESC">
						<option value="normal">Normal</option>
						<option value="italic">Italic</option>
					</field>
					<field name="h2Underline" type="flipyesno" default="0" label="TPL_SECOND_SECOND_SECOND_SPARKY_FONT_UNDERLINE_LBL" description="TPL_SECOND_SECOND_SECOND_SPARKY_FONT_UNDERLINE_DESC"/>
				<field name="subtabstart4" type="subtabstart" default="" label="TPL_SECOND_SECOND_SECOND_SPARKY_H3_LBL"/>
					<field name="h3Color" type="hotcolor" default="#666666" label="TPL_SECOND_SECOND_SECOND_SPARKY_COLOR_LBL" description="TPL_SECOND_SECOND_SECOND_SPARKY_COLOR_DESC"/>
					<field name="h3Size" type="text" default="24" label="TPL_SECOND_SECOND_SECOND_SPARKY_FONT_SIZE_LBL" description="TPL_SECOND_SECOND_SECOND_SPARKY_FONT_SIZE_DESC" size="3"/>
					<field name="h3Family" type="text" default="Arial, Helvetica, sans-serif" label="TPL_SECOND_SECOND_SECOND_SPARKY_FONT_FAMILY_LBL" description="TPL_SECOND_SECOND_SECOND_SPARKY_FONT_FAMILY_DESC"/>
					<field name="h3Align" type="list" default="left" label="TPL_SECOND_SECOND_SECOND_SPARKY_TEXT_ALIGN_LBL" description="TPL_SECOND_SECOND_SECOND_SPARKY_TEXT_ALIGN_DESC">
						<option value="left">Left</option>
						<option value="center">Center</option>
						<option value="right">Right</option>
					</field>
					<field name="h3Weight" type="list" default="normal" label="TPL_SECOND_SECOND_SECOND_SPARKY_FONT_WEIGHT_LBL" description="TPL_SECOND_SECOND_SECOND_SPARKY_FONT_WEIGHT_DESC">
						<option value="normal">Normal</option>
						<option value="bold">Bold</option>
					</field>
					<field name="h3Style" type="list" default="normal" label="TPL_SECOND_SECOND_SECOND_SPARKY_FONT_STYLE_LBL" description="TPL_SECOND_SECOND_SECOND_SPARKY_FONT_STYLE_DESC">
						<option value="normal">Normal</option>
						<option value="italic">Italic</option>
					</field>
					<field name="h3Underline" type="flipyesno" default="0" label="TPL_SECOND_SECOND_SECOND_SPARKY_FONT_UNDERLINE_LBL" description="TPL_SECOND_SECOND_SECOND_SPARKY_FONT_UNDERLINE_DESC"/>
				<field name="subtabstart5" type="subtabstart" default="" label="TPL_SECOND_SECOND_SECOND_SPARKY_H4_LBL"/>
					<field name="h4Color" type="hotcolor" default="#666666" label="TPL_SECOND_SECOND_SECOND_SPARKY_COLOR_LBL" description="TPL_SECOND_SECOND_SECOND_SPARKY_COLOR_DESC"/>
					<field name="h4Size" type="text" default="14" label="TPL_SECOND_SECOND_SECOND_SPARKY_FONT_SIZE_LBL" description="TPL_SECOND_SECOND_SECOND_SPARKY_FONT_SIZE_DESC" size="3"/>
					<field name="h4Family" type="text" default="Arial, Helvetica, sans-serif" label="TPL_SECOND_SECOND_SECOND_SPARKY_FONT_FAMILY_LBL" description="TPL_SECOND_SECOND_SECOND_SPARKY_FONT_FAMILY_DESC"/>
					<field name="h4Align" type="list" default="left" label="TPL_SECOND_SECOND_SECOND_SPARKY_TEXT_ALIGN_LBL" description="TPL_SECOND_SECOND_SECOND_SPARKY_TEXT_ALIGN_DESC">
						<option value="left">Left</option>
						<option value="center">Center</option>
						<option value="right">Right</option>
					</field>
					<field name="h4Weight" type="list" default="normal" label="TPL_SECOND_SECOND_SECOND_SPARKY_FONT_WEIGHT_LBL" description="TPL_SECOND_SECOND_SECOND_SPARKY_FONT_WEIGHT_DESC">
						<option value="normal">Normal</option>
						<option value="bold">Bold</option>
					</field>
					<field name="h4Style" type="list" default="normal" label="TPL_SECOND_SECOND_SECOND_SPARKY_FONT_STYLE_LBL" description="TPL_SECOND_SECOND_SECOND_SPARKY_FONT_STYLE_DESC">
						<option value="normal">Normal</option>
						<option value="italic">Italic</option>
					</field>
					<field name="h4Underline" type="flipyesno" default="0" label="TPL_SECOND_SECOND_SECOND_SPARKY_FONT_UNDERLINE_LBL" description="TPL_SECOND_SECOND_SECOND_SPARKY_FONT_UNDERLINE_DESC"/>
				<field name="subtabstart6" type="subtabstart" default="" label="TPL_SECOND_SECOND_SECOND_SPARKY_P_LBL"/>
					<field name="pColor" type="hotcolor" default="#666666" label="TPL_SECOND_SECOND_SECOND_SPARKY_COLOR_LBL" description="TPL_SECOND_SECOND_SECOND_SPARKY_COLOR_DESC"/>
					<field name="pSize" type="text" default="12" label="TPL_SECOND_SECOND_SECOND_SPARKY_FONT_SIZE_LBL" description="TPL_SECOND_SECOND_SECOND_SPARKY_FONT_SIZE_DESC" size="3"/>
					<field name="pFamily" type="text" default="Arial, Helvetica, sans-serif" label="TPL_SECOND_SECOND_SECOND_SPARKY_FONT_FAMILY_LBL" description="TPL_SECOND_SECOND_SECOND_SPARKY_FONT_FAMILY_DESC"/>
					<field name="pAlign" type="list" default="left" label="TPL_SECOND_SECOND_SECOND_SPARKY_TEXT_ALIGN_LBL" description="TPL_SECOND_SECOND_SECOND_SPARKY_TEXT_ALIGN_DESC">
						<option value="left">Left</option>
						<option value="center">Center</option>
						<option value="right">Right</option>
						<option value="justify">Justify</option>
					</field>
					<field name="pWeight" type="list" default="normal" label="TPL_SECOND_SECOND_SECOND_SPARKY_FONT_WEIGHT_LBL" description="TPL_SECOND_SECOND_SECOND_SPARKY_FONT_WEIGHT_DESC">
						<option value="normal">Normal</option>
						<option value="bold">Bold</option>
					</field>
					<field name="pStyle" type="list" default="normal" label="TPL_SECOND_SECOND_SECOND_SPARKY_FONT_STYLE_LBL" description="TPL_SECOND_SECOND_SECOND_SPARKY_FONT_STYLE_DESC">
						<option value="normal">Normal</option>
						<option value="italic">Italic</option>
					</field>
				<field name="subtabstart7" type="subtabstart" default="" label="TPL_SECOND_SECOND_SECOND_SPARKY_LINKS_LBL"/>
					<field name="linksColor" type="hotcolor" default="#8B1E20" label="TPL_SECOND_SECOND_SECOND_SPARKY_COLOR_LBL" description="TPL_SECOND_SECOND_SECOND_SPARKY_COLOR_DESC"/>
					<field name="linksHoverColor" type="hotcolor" default="#333333" label="TPL_SECOND_SECOND_SECOND_SPARKY_HOVER_COLOR_LBL" description="TPL_SECOND_SECOND_SECOND_SPARKY_COLOR_DESC"/>
					<field name="linksWeight" type="list" default="normal" label="TPL_SECOND_SECOND_SECOND_SPARKY_FONT_WEIGHT_LBL" description="TPL_SECOND_SECOND_SECOND_SPARKY_FONT_WEIGHT_DESC">
						<option value="normal">Normal</option>
						<option value="bold">Bold</option>
					</field>
					<field name="linksStyle" type="list" default="normal" label="TPL_SECOND_SECOND_SECOND_SPARKY_FONT_STYLE_LBL" description="TPL_SECOND_SECOND_SECOND_SPARKY_FONT_STYLE_DESC">
						<option value="normal">Normal</option>
						<option value="italic">Italic</option>
					</field>
					<field name="linksUnderline" type="flipyesno" default="0" label="TPL_SECOND_SECOND_SECOND_SPARKY_FONT_UNDERLINE_LBL" description="TPL_SECOND_SECOND_SECOND_SPARKY_FONT_UNDERLINE_DESC"/>
					<field name="linksUnderlineHover" type="flipyesno" default="0" label="TPL_SECOND_SECOND_SECOND_SPARKY_FONT_UNDERLINE_HOVER_LBL" description="TPL_SECOND_SECOND_SECOND_SPARKY_FONT_UNDERLINE_DESC"/>
				<field name="subtabstart8" type="subtabstart" default="" label="TPL_SECOND_SECOND_SECOND_SPARKY_SELECT_STYLE"/>
					<field name="templateStyle" type="list" default="0" label="TPL_SECOND_SECOND_SECOND_SPARKY_SELECT_TEMPLATE_STYLE">
						<option value="0">TPL_SECOND_SECOND_SECOND_SPARKY_SELECT_CUSTOM_STYLE</option>
					</field>
					<field name="randomizeCssLink" type="flipyesno" default="1" label="TPL_SECOND_SECOND_SECOND_SPARKY_RANDOMIZE_CSS_LINK_LBL" description="TPL_SECOND_SECOND_SECOND_SPARKY_RANDOMIZE_CSS_LINK_DESC"/>
			</fieldset>
			<fieldset name="features" label="TPL_SECOND_SECOND_SECOND_SPARKY_FEATURES">
				<field name="subtabstart1" type="subtabstart" default="" label="TPL_SECOND_SECOND_SECOND_SPARKY_FEATURES_LOGO_LBL"/>
					<field name="logoImageSpacer" type="hotspacer" label="TPL_SECOND_SECOND_SECOND_SPARKY_LOGO_IMAGE_SETTINGS_LBL"/>
					<field name="logoImageSwitch" type="flipyesno" default="0" label="TPL_SECOND_SECOND_SECOND_SPARKY_LOGO_IMAGE_SWITCH_LBL" description="TPL_SECOND_SECOND_SECOND_SPARKY_LOGO_IMAGE_SWITCH_DESC"/>
					<field name="logoImageFile" type="imagelist" directory="templates/second_second_second_second_second_second_sparky/images" default="logo.png" label="TPL_SECOND_SECOND_SECOND_SPARKY_LOGO_IMAGE_FILE_LBL"/>
					<field name="logoImageAlt" type="text" label="TPL_SECOND_SECOND_SECOND_SPARKY_LOGO_IMAGE_ALT_LBL" description="TPL_SECOND_SECOND_SECOND_SPARKY_LOGO_IMAGE_ALT_DESC" default="Sparky"/>
					<field name="logoTextSpacer" type="hotspacer" label="TPL_SECOND_SECOND_SECOND_SPARKY_LOGO_SETTINGS_LBL"/>
					<field name="logoText" type="text" label="TPL_SECOND_SECOND_SECOND_SPARKY_LOGO_TEXT_LBL" description="TPL_SECOND_SECOND_SECOND_SPARKY_LOGO_TEXT_DESC" default="GiftJaipur"/>
					<field name="logoColor" type="hotcolor" label="TPL_SECOND_SECOND_SECOND_SPARKY_COLOR_LBL" description="TPL_SECOND_SECOND_SECOND_SPARKY_COLOR_DESC" default="#5c4cc7"/>
					<field name="logoSize" type="text" label="TPL_SECOND_SECOND_SECOND_SPARKY_FONT_SIZE_LBL" description="TPL_SECOND_SECOND_SECOND_SPARKY_FONT_SIZE_DESC" default="24" size="3"/>
					<field name="logoFamily" type="text" default="Arial, Helvetica, sans-serif" label="TPL_SECOND_SECOND_SECOND_SPARKY_FONT_FAMILY_LBL" description="TPL_SECOND_SECOND_SECOND_SPARKY_FONT_FAMILY_DESC"/>
					<field name="logoWeight" type="list" default="normal" label="TPL_SECOND_SECOND_SECOND_SPARKY_FONT_WEIGHT_LBL" description="TPL_SECOND_SECOND_SECOND_SPARKY_FONT_WEIGHT_DESC">
						<option value="normal">Normal</option>
						<option value="bold">Bold</option>
					</field>
					<field name="logoStyle" type="list" default="normal" label="TPL_SECOND_SECOND_SECOND_SPARKY_FONT_STYLE_LBL" description="TPL_SECOND_SECOND_SECOND_SPARKY_FONT_STYLE_DESC">
						<option value="normal">Normal</option>
						<option value="italic">Italic</option>
					</field>
					<field name="logoAlign" type="list" default="left" label="TPL_SECOND_SECOND_SECOND_SPARKY_TEXT_ALIGN_LBL" description="TPL_SECOND_SECOND_SECOND_SPARKY_TEXT_ALIGN_DESC">
						<option value="left">Left</option>
						<option value="center">Center</option>
						<option value="right">Right</option>
					</field>
					<field name="sloganTextSpacer" type="hotspacer" label="TPL_SECOND_SECOND_SECOND_SPARKY_SLOGAN_SETTINGS_LBL"/>
					<field name="sloganText" type="text" label="TPL_SECOND_SECOND_SECOND_SPARKY_SLOGAN_TEXT_LBL" description="TPL_SECOND_SECOND_SECOND_SPARKY_SLOGAN_TEXT_DESC" default="Send customized gift to Jaipur"/>
					<field name="sloganColor" type="hotcolor" label="TPL_SECOND_SECOND_SECOND_SPARKY_COLOR_LBL" description="TPL_SECOND_SECOND_SECOND_SPARKY_COLOR_DESC" default="#999999"/>
					<field name="sloganSize" type="text" label="TPL_SECOND_SECOND_SECOND_SPARKY_FONT_SIZE_LBL" description="TPL_SECOND_SECOND_SECOND_SPARKY_FONT_SIZE_DESC" default="12" size="3"/>
					<field name="sloganFamily" type="text" default="Arial, Helvetica, sans-serif" label="TPL_SECOND_SECOND_SECOND_SPARKY_FONT_FAMILY_LBL" description="TPL_SECOND_SECOND_SECOND_SPARKY_FONT_FAMILY_DESC"/>
					<field name="sloganWeight" type="list" default="normal" label="TPL_SECOND_SECOND_SECOND_SPARKY_FONT_WEIGHT_LBL" description="TPL_SECOND_SECOND_SECOND_SPARKY_FONT_WEIGHT_DESC">
						<option value="normal">Normal</option>
						<option value="bold">Bold</option>
					</field>
					<field name="sloganStyle" type="list" default="normal" label="TPL_SECOND_SECOND_SECOND_SPARKY_FONT_STYLE_LBL" description="TPL_SECOND_SECOND_SECOND_SPARKY_FONT_STYLE_DESC">
						<option value="normal">Normal</option>
						<option value="italic">Italic</option>
					</field>
					<field name="sloganAlign" type="list" default="left" label="TPL_SECOND_SECOND_SECOND_SPARKY_TEXT_ALIGN_LBL" description="TPL_SECOND_SECOND_SECOND_SPARKY_TEXT_ALIGN_DESC">
						<option value="left">Left</option>
						<option value="center">Center</option>
						<option value="right">Right</option>
					</field>
				<field name="subtabstart2" type="subtabstart" default="" label="TPL_SECOND_SECOND_SECOND_SPARKY_FEATURES_TOPPANEL_LBL"/>
					<field name="topPanelSpacer" type="spacer" label="TPL_SECOND_SECOND_SECOND_SPARKY_TOP_PANEL_DESC"/>
					<field name="topPanelSwitch" type="flipyesno" default="0" label="TPL_SECOND_SECOND_SECOND_SPARKY_TOP_PANEL_SWITCH_LBL" description="TPL_SECOND_SECOND_SECOND_SPARKY_TOP_PANEL_SWITCH_DESC"/>
					<field name="topPanelOpen" type="text" default="Open" label="TPL_SECOND_SECOND_SECOND_SPARKY_TOP_PANEL_OPEN_LBL"/>
					<field name="topPanelClose" type="text" default="Close" label="TPL_SECOND_SECOND_SECOND_SPARKY_TOP_PANEL_CLOSE_LBL"/>
					<field name="topPanelButtonWidth" type="text" default="75" label="TPL_SECOND_SECOND_SECOND_SPARKY_TOP_PANEL_BUTTON_WIDTH_LBL" size="3"/>
					<field name="topPanelButtonHeight" type="text" default="18" label="TPL_SECOND_SECOND_SECOND_SPARKY_TOP_PANEL_BUTTON_HEIGHT_LBL" size="3"/>
					<field name="topPanelButtonBgColor" type="hotcolor" default="#000000" label="TPL_SECOND_SECOND_SECOND_SPARKY_TOP_PANEL_BUTTON_BG_COLOR_LBL" description="TPL_SECOND_SECOND_SECOND_SPARKY_COLOR_DESC"/>
					<field name="topPanelButtonTextColor" type="hotcolor" default="#FFFFFF" label="TPL_SECOND_SECOND_SECOND_SPARKY_TOP_PANEL_BUTTON_TEXT_COLOR_LBL" description="TPL_SECOND_SECOND_SECOND_SPARKY_COLOR_DESC"/>
					<field name="topPanelButtonTextSize" type="text" default="10" label="TPL_SECOND_SECOND_SECOND_SPARKY_TOP_PANEL_BUTTON_TEXT_SIZE_LBL" description="TPL_SECOND_SECOND_SECOND_SPARKY_FONT_SIZE_DESC" size="3"/> 
					<field name="topPanelButtonBorderColor" type="hotcolor" default="#666666" label="TPL_SECOND_SECOND_SECOND_SPARKY_TOP_PANEL_BUTTON_BORDER_COLOR_LBL" description="TPL_SECOND_SECOND_SECOND_SPARKY_COLOR_DESC"/>
					<field name="topPanelButtonBorderRadius" type="text" default="5" label="TPL_SECOND_SECOND_SECOND_SPARKY_TOP_PANEL_BUTTON_BORDER_RADIUS_LBL" size="3"/>
					<field name="topPanelBgColor" type="hotcolor" default="#000000" label="TPL_SECOND_SECOND_SECOND_SPARKY_TOP_PANEL_BG_COLOR_LBL" description="TPL_SECOND_SECOND_SECOND_SPARKY_COLOR_DESC"/>
					<field name="topPanelH3Color" type="hotcolor" default="#CCCCCC" label="TPL_SECOND_SECOND_SECOND_SPARKY_TOP_PANEL_H3_COLOR_LBL" description="TPL_SECOND_SECOND_SECOND_SPARKY_COLOR_DESC"/>
					<field name="topPanelTextColor" type="hotcolor" default="#CCCCCC" label="TPL_SECOND_SECOND_SECOND_SPARKY_TOP_PANEL_TEXT_COLOR_LBL" description="TPL_SECOND_SECOND_SECOND_SPARKY_COLOR_DESC"/>
				<field name="subtabstart3" type="subtabstart" default="" label="TPL_SECOND_SECOND_SECOND_SPARKY_FEATURES_FONT_RESIZE_LBL"/>
					<field name="fontResizeSpacer" type="spacer" label="TPL_SECOND_SECOND_SECOND_SPARKY_FONT_RESIZE_DESC"/>
					<field name="fontResizeMinus" type="text" default="A-" label="TPL_SECOND_SECOND_SECOND_SPARKY_FONT_RESIZE_MINUS_LBL" description="TPL_SECOND_SECOND_SECOND_SPARKY_FONT_RESIZE_MINUS_DESC"/>
					<field name="fontResizeReset" type="text" default="Reset" label="TPL_SECOND_SECOND_SECOND_SPARKY_FONT_RESIZE_RESET_LBL" description="TPL_SECOND_SECOND_SECOND_SPARKY_FONT_RESIZE_RESET_DESC"/>
					<field name="fontResizePlus" type="text" default="A+" label="TPL_SECOND_SECOND_SECOND_SPARKY_FONT_RESIZE_PLUS_LBL" description="TPL_SECOND_SECOND_SECOND_SPARKY_FONT_RESIZE_PLUS_DESC"/>
					<field name="fontResizeImagesSwitch" type="flipyesno" default="0" label="TPL_SECOND_SECOND_SECOND_SPARKY_FONT_RESIZE_IMAGES_SWITCH_LBL" description="TPL_SECOND_SECOND_SECOND_SPARKY_FONT_RESIZE_IMAGES_SWITCH_DESC"/>
					<field name="fontResizeMinusImage" type="imagelist" directory="templates/second_second_second_second_second_second_sparky/images" default="font_resize_minus.png" label="TPL_SECOND_SECOND_SECOND_SPARKY_FONT_RESIZE_MINUS_IMAGE_LBL"/>
					<field name="fontResizeResetImage" type="imagelist" directory="templates/second_second_second_second_second_second_sparky/images" default="font_resize_reset.png" label="TPL_SECOND_SECOND_SECOND_SPARKY_FONT_RESIZE_RESET_IMAGE_LBL"/>
					<field name="fontResizePlusImage" type="imagelist" directory="templates/second_second_second_second_second_second_sparky/images" default="font_resize_plus.png" label="TPL_SECOND_SECOND_SECOND_SPARKY_FONT_RESIZE_PLUS_IMAGE_LBL"/>
				<field name="subtabstart4" type="subtabstart" default="" label="TPL_SECOND_SECOND_SECOND_SPARKY_FEATURES_ANALYTICS_LBL"/>
					<field name="googleWebAnalyticsSpacer" type="spacer" label="TPL_SECOND_SECOND_SECOND_SPARKY_ANALYTICS_DESC"/>
					<field name="analyticsSwitch" type="flipyesno" default="0" label="TPL_SECOND_SECOND_SECOND_SPARKY_ANALYTICS_SWITCH_LBL" description="TPL_SECOND_SECOND_SECOND_SPARKY_ANALYTICS_SWITCH_DESC"/>
					<field name="analyticsAccount" type="text" default="" label="TPL_SECOND_SECOND_SECOND_SPARKY_ANALYTICS_ACCOUNT_LBL" description="TPL_SECOND_SECOND_SECOND_SPARKY_ANALYTICS_ACCOUNT_DESC"/>
				<field name="subtabstart5" type="subtabstart" default="" label="TPL_SECOND_SECOND_SECOND_SPARKY_GOOGLE_WEB_FONTS_LBL"/>
					<field name="googleWebFontsSpacer" type="spacer" label="TPL_SECOND_SECOND_SECOND_SPARKY_GOOGLE_WEB_FONTS_DESC"/>
					<field name="googleWebFontsSpacer2" type="spacer" label="TPL_SECOND_SECOND_SECOND_SPARKY_GOOGLE_WEB_FONTS_DESC2"/>
					<field name="googleWebFonts" type="textarea" cols="60" rows="5" default="" label="TPL_SECOND_SECOND_SECOND_SPARKY_GOOGLE_WEB_FONTS_CODE_LBL" description="TPL_SECOND_SECOND_SECOND_SPARKY_GOOGLE_WEB_FONTS_CODE_DESC"/>
				<field name="subtabstart6" type="subtabstart" default="" label="TPL_SECOND_SECOND_SECOND_SPARKY_SCROLL_TO_TOP_LBL"/>
					<field name="scrollToTopSpacer" type="spacer" label="TPL_SECOND_SECOND_SECOND_SPARKY_SCROLL_TO_TOP_SPACER_DESC"/>
					<field name="scrollToTopSwitch" type="flipyesno" default="1" label="TPL_SECOND_SECOND_SECOND_SPARKY_SCROLL_TO_TOP_LBL" description="TPL_SECOND_SECOND_SECOND_SPARKY_SCROLL_TO_TOP_DESC"/>
					<field name="scrollToTopImageFile" type="imagelist" directory="templates/second_second_second_second_second_second_sparky/images" label="TPL_SECOND_SECOND_SECOND_SPARKY_SCROLL_TO_TOP_IMAGE_FILE_LBL"/>
					<field name="scrollToTopPosition" type="list" default="bottom_right" label="TPL_SECOND_SECOND_SECOND_SPARKY_SCROLL_TO_TOP_POSITION_LBL" description="TPL_SECOND_SECOND_SECOND_SPARKY_SCROLL_TO_TOP_POSITION_DESC">
						<option value="bottom_right">TPL_SECOND_SECOND_SECOND_SPARKY_SCROLL_TO_TOP_POSITION_BOTTOM_RIGHT</option>
						<option value="bottom_left">TPL_SECOND_SECOND_SECOND_SPARKY_SCROLL_TO_TOP_POSITION_BOTTOM_LEFT</option>
						<option value="top_right">TPL_SECOND_SECOND_SECOND_SPARKY_SCROLL_TO_TOP_POSITION_TOP_RIGHT</option>
						<option value="top_left">TPL_SECOND_SECOND_SECOND_SPARKY_SCROLL_TO_TOP_POSITION_TOP_LEFT</option>
					</field>
				<field name="subtabstart7" type="subtabstart" default="" label="TPL_SECOND_SECOND_SECOND_SPARKY_EQUAL_HEIGHTS_LBL"/>
					<field name="equalHeightSpacer" type="spacer" label="TPL_SECOND_SECOND_SECOND_SPARKY_EQUAL_HEIGHT_CLASSES_DESC"/>
					<field name="equalHeightSpacer2" type="spacer" label="TPL_SECOND_SECOND_SECOND_SPARKY_EQUAL_HEIGHT_CLASSES_DESC2"/>
					<field name="equalHeightClasses" type="textarea" cols="50" rows="3" label="TPL_SECOND_SECOND_SECOND_SPARKY_EQUAL_HEIGHT_CLASSES_LBL" description="TPL_SECOND_SECOND_SECOND_SPARKY_EQUAL_HEIGHT_CLASSES_DESC"/>
			</fieldset>
			<fieldset name="menuconfig" label="TPL_SECOND_SECOND_SECOND_SPARKY_MENUS">
			    <field name="mnucfg" type="mnucfg" default="mainmenu=nav=animation_effect:fadeToggle~animation_speed:300~arrows:1~drop_down_button_height:30~drop_down_button_width:0~drop_down_button_top_padding:10~drop_down_button_horiz_padding:15~drop_down_pane_width:160~drop_down_pane_padding:12~drop_down_pane_height:25~drop_down_pane_horiz_padding:10~font_family:Arial, Helvetica, sans-serif~font_size:14~text_align:left~font_weight:normal~font_style:normal~text_color:#666666~active_text_color:#ffffff~links_hover_color:#dddddd~font_size_sub:12~font_weight_sub:normal~font_style_sub:normal~text_color_sub:#666666~links_hover_color_sub:#333333~button_bg:#6f5093~active_button_bg:#705093~button_hover_bg:#6f5093~drop_down_pane_bg:#e6d6f3~drop_down_hover_bg:#e6d6f3~border_size_first_lvl:1~border_color_first_lvl:#cccccc~border_size_sub_lvl:1~border_color_sub_lvl:#dddddd" label="TPL_SECOND_SECOND_SECOND_SPARKY_MENUCFG_LBL" description="TPL_SECOND_SECOND_SECOND_SPARKY_MNUCFG_DESC"/>
			</fieldset>
			<fieldset name="mobileoptions" label="TPL_SECOND_SECOND_SECOND_SPARKY_MOBILE">
				<field name="enableResponsive" type="list" default="1" label="TPL_SECOND_SECOND_SECOND_SPARKY_ENABLE_RESPONSIVE_LBL" description="TPL_SECOND_SECOND_SECOND_SPARKY_ENABLE_RESPONSIVE_DESC">
					<option value="1">Enabled</option>
					<option value="0">Disabled</option>
				</field>
				<field name="enableResponsiveMenu" type="list" default="1" label="TPL_SECOND_SECOND_SECOND_SPARKY_ENABLE_RESPONSIVE_MENU_LBL" description="TPL_SECOND_SECOND_SECOND_SPARKY_ENABLE_RESPONSIVE_MENU_DESC">
					<option value="1">Enabled</option>
					<option value="0">Disabled</option>
				</field>
		    </fieldset>
			<fieldset name="exportoptions" label="TPL_SECOND_SECOND_SECOND_SPARKY_EXPORT_OPTIONS">
			      <field name="export" type="hotexport" default="" label="TPL_SECOND_SECOND_SECOND_SPARKY_LABEL_EXPORT" description="TPL_SECOND_SECOND_SECOND_SPARKY_DESC_EXPORT"/>
			</fieldset>
	    </fields>
   </config>
</extension>
